Incident #,County,Fire Name,Start,Cont.,DPA,Total,Type,Cause,Dest.,Dam.,Fire,Civil
BDU-5618 ,INYO ,MOFFAT ,04/19/18 ,04/24/18 ,CAL FIRE ,"1,065 ","B, G ",UNDETERMINED ,,,,
MMU-8764 ,MERCED ,NEES ,05/02/18 ,05/02/18 ,CAL FIRE ,"1,756 ",G ,EQUIPMENT USE ,,,,
RRU-62932 ,RIVERSIDE ,PATTERSON ,05/17/18 ,05/18/18 ,CAL FIRE ,"1,261 ","B, G ",EQUIPMENT USE ,,,,
MMU-10096 ,FRESNO ,CANAL ,05/19/18 ,05/20/18 ,CAL FIRE ,300 ,G ,ELECTRICAL POWER ,,,,
LAC-166129 ,LOS ANGELES ,STONE ,06/04/18 ,06/08/18 ,CC ,"1,352 ","B, G ",HUMAN ,,,,
MMU-11264 ,MERCED ,O'NEALS ,06/04/18 ,06/07/18 ,CAL FIRE ,300 ,"B, G ",EQUIPMENT USE ,,,,
BEU-2666 ,SAN BENITO ,AIRLINE 2 ,06/04/18 ,06/12/18 ,CAL FIRE ,"1,314 ","B, G ",UNDETERMINED ,,,,
BEU-2668 ,SAN BENITO ,EASTERN 2 ,06/04/18 ,06/12/18 ,CAL FIRE ,513 ,"B, G ",ELECTRICAL POWER ,,,,
TGU-5555 ,TEHAMA ,APPLE ,06/09/18 ,06/12/18 ,CAL FIRE ,"2,956 ","B, G ",EQUIPMENT USE ,9 ,3 ,,
TGU-5560 ,TEHAMA ,CHROME ,06/09/18 ,06/22/18 ,CAL FIRE ,"2,290 ","B, G ",MISCELLANEOUS ,1 ,,,
MMU-12081 ,MERCED ,PLANADA ,06/15/18 ,06/19/18 ,CAL FIRE ,"4,563 ",G ,EQUIPMENT USE ,,,,
LNU-9002 ,NAPA ,PAWNEE ,06/23/18 ,07/08/18 ,CAL FIRE ,"15,180 ","B, G ",TARGET SHOOTING ,22 ,6 ,,
TGU-6031 ,TEHAMA ,LANE ,06/23/18 ,07/04/18 ,CAL FIRE ,"3,392 ","B, G ",UNDETERMINED ,,,,
TGU-6589 ,SHASTA ,PANTHER ,06/24/18 ,06/26/18 ,CAL FIRE ,386 ,G ,CAMPFIRE ,,,,
BTU-9333 ,BUTTE ,SHIPPEE ,06/26/18 ,06/27/18 ,CAL FIRE ,460 ,G ,ELECTRICAL POWER ,,,,
LMU-3203 ,LASSEN ,HYATT ,06/27/18 ,06/29/18 ,CAL FIRE ,383 ,"B, G ",PLAYING WITH FIRE ,4 ,,,
TCU-7477 ,SAN JOAQUIN ,WAVERLY ,06/29/18 ,07/12/18 ,CAL FIRE ,"11,789 ","G, T ",EQUIPMENT USE ,1 ,,,
LNU-9502 ,YOLO ,COUNTY ,06/30/18 ,07/14/18 ,CAL FIRE ,"90,000 ","B, G, T ",ELECTRICAL POWER ,29 ,4 ,,
AEU-18477 ,EL DORADO ,SHINGLE ,07/04/18 ,07/05/18 ,CAL FIRE ,316 ,G ,EXPLOSIVE DEVICE ,,,,
SKU-4641 ,SISKIYOU ,KLAMATHON ,07/05/18 ,07/21/18 ,CAL FIRE ,"38,008 ","B, G, T ",ARSON ,83 ,12 ,1 ,
BDU-9683 ,SAN BERNARDINO ,VALLEY ,07/06/18 ,07/12/18 ,CAL FIRE ,"1,350 ","B, T ",UNDETERMINED ,,,,
AEU-18720 ,AMADOR ,IRISH ,07/06/18 ,07/09/18 ,CAL FIRE ,825 ,"G, T ",EQUIPMENT USE ,1 ,1 ,,
SCU-4856 ,ALAMEDA ,GRANT ,07/08/18 ,07/09/18 ,CAL FIRE ,480 ,G ,FIREWORKS ,1 ,,,
TGU-6649 ,TEHAMA ,DALE ,07/09/18 ,07/09/18 ,CAL FIRE ,856 ,G ,VEHICLE ,,,,
LNU-10755 ,YOLO ,EIGHTY EIGHT ,07/18/18 ,07/21/18 ,CAL FIRE ,822 ,"B, G ",UNDETERMINED ,,,,
SCU-5218 ,SANTA CLARA ,COUNTRY ,07/22/18 ,07/24/18 ,CAL FIRE ,320 ,"B, G ",EQUIPMENT USE ,,,,
SHU-7808 ,SHASTA ,CARR ,07/23/18 ,09/01/18 ,CAL FIRE ,"229,651 ","B, G ",VEHICLE ,"1,614 ",279 ,3 ,4 
MVU-11206 ,SAN DIEGO ,PASQUAL ,07/27/18 ,07/31/18 ,CAL FIRE ,365 ,B ,UNDETERMINED ,,,,
MEU-8653 ,COLUSA ,RIVER - MENDOCINO COMPLEX ,07/27/18 ,09/27/18 ,CAL FIRE ,"48,920 ","B, G, T ",UNDETERMINED ,35 ,11 ,,
MEU-8653 ,NAPA ,RIVER - MENDOCINO COMPLEX ,07/27/18 ,09/27/18 ,CAL FIRE ,"48,920 ","B, G, T ",UNDETERMINED ,35 ,11 ,,
MEU-8653 ,MENDOCINO ,RIVER - MENDOCINO COMPLEX ,07/27/18 ,09/27/18 ,CAL FIRE ,"48,920 ","B, G, T ",UNDETERMINED ,35 ,11 ,,
MEU-8646 ,COLUSA ,RANCH - MENDOCINO COMPLEX ,07/27/18 ,08/17/18 ,CAL FIRE ,"410,203 ","B, G, T ",HUMAN ,246 ,27 ,1 ,
MEU-8646 ,TEHAMA ,RANCH - MENDOCINO COMPLEX ,07/27/18 ,08/17/18 ,CAL FIRE ,"410,203 ","B, G, T ",HUMAN ,246 ,27 ,1 ,
MEU-8646 ,NAPA ,RANCH - MENDOCINO COMPLEX ,07/27/18 ,08/17/18 ,CAL FIRE ,"410,203 ","B, G, T ",HUMAN ,246 ,27 ,1 ,
MEU-8646 ,MENDOCINO ,RANCH - MENDOCINO COMPLEX ,07/27/18 ,08/17/18 ,CAL FIRE ,"410,203 ","B, G, T ",HUMAN ,246 ,27 ,1 ,
NEU-31125 ,PLACER ,SUNSET ,08/01/18 ,08/03/18 ,CAL FIRE ,695 ,G ,UNDETERMINED ,,,,
KRN-31160 ,KERN ,TARINA ,08/03/18 ,08/05/18 ,CC ,"3,516 ",G ,UNDETERMINED ,,,,
BEU-3889 ,MONTEREY ,TURKEY ,08/06/18 ,08/07/18 ,CAL FIRE ,"2,225 ",G ,HUMAN ,,,,
SHU-8470 ,SHASTA ,HAT ,08/09/18 ,08/23/18 ,CAL FIRE ,"1,900 ","B, T ",UNDETERMINED ,,,,
LNU-12354 ,SOLANO ,NELSON ,08/10/18 ,08/14/18 ,CAL FIRE ,"2,162 ","B, G ",HUMAN ,1 ,1 ,,
BEU-3992 ,MONTEREY ,GULCH ,08/11/18 ,08/11/18 ,CAL FIRE ,700 ,G ,VEHICLE ,,,,
TUU-389 ,TULARE ,RIVER 7 ,08/15/18 ,08/19/18 ,CAL FIRE ,496 ,G ,UNDETERMINED ,,,,
LNU-14193 ,NAPA ,SNELL ,09/08/18 ,09/15/18 ,CAL FIRE ,"2,490 ","B, G ",EQUIPMENT USE ,,,,
TCU-10699 ,ALPINE ,TULLOCH ,09/08/18 ,09/10/18 ,CAL FIRE ,573 ,G ,VEHICLE ,,,,
BEU-4537 ,MONTEREY ,METZ ,09/13/18 ,09/15/18 ,CAL FIRE ,411 ,"B, G ",ELECTRICAL POWER ,,,,
MMU-19816 ,FRESNO ,OAK ,09/22/18 ,09/29/18 ,CAL FIRE ,360 ,"B, G ",PLAYING WITH FIRE ,,,,
LAC-288255 ,LOS ANGELES ,CHARLIE ,09/22/18 ,09/30/18 ,CC ,"3,380 ","B, T ",UNDETERMINED ,,,,
TGU-9672 ,TEHAMA ,SUN ,10/07/18 ,10/07/18 ,CAL FIRE ,"3,889 ","B, G ",VEHICLE ,,,,
BTU-16272 ,BUTTE ,JUNES ,10/30/18 ,11/12/18 ,CAL FIRE ,550 ,G ,DEBRIS BURNING ,,,,
VNC-41023 ,VENTURA ,HILL ,11/08/18 ,11/16/18 ,CC ,"4,381 ",B ,UNDETERMINED ,4 ,2 ,,
BTU-16737 ,BUTTE ,CAMP ,11/08/18 ,12/20/18 ,CAL FIRE ,"153,336 ","B, G, T ",ELECTRICAL POWER ,"18,804 ",754 ,85 ,
VNC-41028 ,VENTURA ,WOOLSEY ,11/08/18 ,11/22/18 ,CC ,"96,949 ","B, G ",UNDETERMINED ,"1,643 ",364 ,3 ,
INF-3072 ,INYO ,PLEASANT ,02/18/18 ,02/25/18 ,USFS ,"2,070 ","B, G ",UNDETERMINED ,,,,
MCP ,SAN DIEGO ,ALPHA ,05/04/18 ,05/05/18 ,MIL ,300 ,G ,UNDETERMINED ,,,,
SNF-493 ,FRESNO ,LIONS ,06/11/18 ,07/14/18 ,USFS ,"12,990 ","B, T ",LIGHTNING ,,,,
NOD-2938 ,LASSEN ,TUMBLEWEED ,06/14/18 ,06/17/18 ,BLM ,646 ,"B, G ",HUMAN ,,,,
BOB-4636 ,SAN LUIS OBISPO ,YANKEE ,06/20/18 ,06/22/18 ,MIL ,"1,500 ",G ,UNDETERMINED ,,,,
MCP-1837 ,SAN DIEGO ,PENDLETON COMPLEX ,07/06/18 ,07/10/18 ,MIL ,"1,520 ",G ,UNDETERMINED ,,,,
CNF-2238 ,SAN DIEGO ,WEST ,07/06/18 ,07/10/18 ,USFS ,505 ,"B, G ",UNDETERMINED ,48 ,14 ,,
INF-1071 ,INYO ,GEORGES ,07/08/18 ,07/23/18 ,USFS ,"2,941 ","B, T ",UNDETERMINED ,,,,
CHI-7178 ,BUTTE ,STONEY ,07/12/18 ,07/20/18 ,LOCAL ,"1,000 ","B, G ",UNDETERMINED ,,,,
NOD-3575 ,MODOC ,EAGLE ,07/13/18 ,07/20/18 ,BLM ,"2,100 ","B, G, T ",UNDETERMINED ,,,,
SNF-745 ,MERCED ,FERGUSON ,07/13/18 ,08/22/18 ,USFS ,"96,901 ","B, G, T ",UNDETERMINED ,11 ,2 ,,
BDF-11390 ,RIVERSIDE ,CRANSTON ,07/25/18 ,08/09/18 ,USFS ,"13,139 ","B, G, T ",HUMAN ,12 ,5 ,,
LNF-3951 ,LASSEN ,WHALEBACK ,07/27/18 ,08/06/18 ,USFS ,"18,703 ","B, T ",UNDETERMINED ,,,,
YUB-6117 ,SUTTER ,BUTTE ,07/31/18 ,08/02/18 ,LOCAL ,"1,000 ","B, G ",UNDETERMINED ,,,,
INF-1394 ,INYO ,OWENS ,07/31/18 ,08/05/18 ,USFS ,338 ,B ,UNDETERMINED ,,,,
OVD-1396 ,INYO ,HOTCREEK ,07/31/18 ,08/05/18 ,BLM ,419 ,B ,UNDETERMINED ,,,,
MNF-874 ,MENDOCINO ,EEL ,07/31/18 ,08/08/18 ,USFS ,972 ,"B, G ",HUMAN ,10 ,,,
STF-1702 ,ALPINE ,DONNELL ,08/01/18 ,10/31/18 ,USFS ,"36,450 ","B, T ",UNDETERMINED ,135 ,,,
CNF-2664 ,ORANGE ,HOLY ,08/06/18 ,09/14/18 ,USFS ,"23,025 ","B, G ",ARSON ,24 ,18 ,,
SHF-1223 ,SHASTA ,HIRZ ,08/09/18 ,09/12/18 ,USFS ,"46,051 ","B, G, T ",HUMAN ,,,,
MDF-1193 ,MODOC ,STONE ,08/15/18 ,09/01/18 ,USFS ,"39,387 ","B, G, T ",LIGHTNING ,2 ,,,
HIA-115 ,HUMBOLDT ,MILL CREEK 1 ,08/16/18 ,08/30/18 ,BIA ,"3,674 ","B, G, T ",HUMAN ,,,,
SQF-2140 ,KERN ,CALL ,08/18/18 ,08/21/18 ,USFS ,367 ,"B, G ",HUMAN ,,,,
LPF-2334 ,SAN LUIS OBISPO ,FRONT ,08/19/18 ,08/29/18 ,USFS ,"1,014 ","B, G ",UNDETERMINED ,,,,
TNF-1355 ,PLACER ,NORTH ,09/03/18 ,09/16/18 ,USFS ,"1,120 ",T ,UNDETERMINED ,,,,
SHF-1438 ,SISKIYOU ,KERLIN ,09/04/18 ,09/17/18 ,USFS ,"1,751 ",T ,HUMAN ,5 ,,,
SHF-1444 ,SHASTA ,DELTA ,09/05/18 ,10/11/18 ,USFS ,"63,311 ","B, T ",HUMAN ,42 ,4 ,,
FHL-2806 ,MONTEREY ,NACIMIENTO ,10/02/18 ,10/03/18 ,MIL ,450 ,G ,UNDETERMINED ,,,,
SQF-2733 ,TULARE ,ALDER ,10/04/18 ,12/22/18 ,USFS ,"4,654 ",T ,LIGHTNING ,,,,
SUI-412 ,SOLANO ,BRANSCOMBE ,10/07/18 ,10/08/18 ,LOCAL ,"4,500 ",G ,UNDETERMINED ,2 ,,,
SQF-2786 ,TULARE ,MOUNTAINEER ,10/13/18 ,12/22/18 ,USFS ,"1,270 ",T ,LIGHTNING ,,,,
RRU-34071 ,RIVERSIDE ,LINCOLN ,03/15/19 ,03/20/19 ,CAL FIRE ,560 ,G ,ARSON ,,,,
SLU-7006 ,SAN LUIS OBISPO ,BELMONT ,05/29/19 ,05/29/19 ,CAL FIRE ,835 ,G ,LIGHTNING ,,,,
SLU-7315 ,SAN LUIS OBISPO ,BOULDER ,06/05/19 ,06/05/19 ,CAL FIRE ,"1,075 ",G ,ELECTRICAL POWER ,,,,
SCU-3879 ,STANISLAUS ,STUHR ,06/07/19 ,06/07/19 ,CAL FIRE ,581 ,G ,EQUIPMENT USE ,,,,
LNU-9880 ,COLUSA ,SAND ,06/08/19 ,06/15/20 ,CAL FIRE ,"2,220 ","B, G ",LIGHTNING ,4 ,,,
SLU-7684 ,SAN LUIS OBISPO ,MCMILLAN ,06/12/19 ,06/13/19 ,CAL FIRE ,"1,763 ",G ,EQUIPMENT USE ,,,,
RRU-79226 ,RIVERSIDE ,JERRY ,06/21/19 ,06/21/19 ,CAL FIRE ,500 ,G ,VEHICLE ,,,,
BEU-3696 ,MONTEREY ,LONOAK ,06/25/19 ,06/26/19 ,CAL FIRE ,"2,546 ",G ,ELECTRICAL POWER ,,,,
SCU-4384 ,STANISLAUS ,ROCK ,06/25/19 ,06/27/19 ,CAL FIRE ,"2,420 ","B, G ",PLAYING WITH FIRE ,,,,
SLU-8993 ,SAN LUIS OBISPO ,GILLIS ,07/08/19 ,07/09/19 ,CAL FIRE ,"1,010 ",G ,EQUIPMENT USE ,1 ,1 ,,
BEU-4344 ,MONTEREY ,LAKE ,07/29/19 ,08/01/19 ,CAL FIRE ,306 ,"B, G ",VEHICLE ,,,,
SCU-5526 ,CONTRA COSTA ,MARSH CREEK 3 ,08/03/19 ,08/07/19 ,CAL FIRE ,340 ,"B, G ",ARSON ,,,,
MMU-17062 ,MERCED ,HUNTER ,08/15/19 ,08/15/19 ,CAL FIRE ,433 ,G ,UNDER INVESTIGATION ,,,,
MMU-17127 ,MERCED ,GAINES ,08/16/19 ,08/20/19 ,CAL FIRE ,"1,300 ",G ,UNDER INVESTIGATION ,,,,
SHU-9030 ,SHASTA ,MOUNTAIN ,08/22/19 ,08/31/19 ,CAL FIRE ,600 ,"B, G ",ARSON ,14 ,7 ,,
TUU-684 ,TULARE ,CREEK ,08/31/19 ,09/04/19 ,CAL FIRE ,756 ,"B, G ",EQUIPMENT USE ,,,,
RRU-113828 ,RIVERSIDE ,TENAJA ,09/04/19 ,09/14/19 ,CAL FIRE ,"1,926 ","B, G ",UNDER INVESTIGATION ,3 ,,,
TGU-9386 ,TEHAMA ,RED BANK ,09/05/19 ,09/17/19 ,CAL FIRE ,"8,836 ","B, G, T ",LIGHTNING ,2 ,,,
BTU-10635 ,BUTTE ,SWEDES ,09/07/19 ,09/09/19 ,CAL FIRE ,496 ,"B, G ",ARSON ,2 ,1 ,,
RRU-118651 ,RIVERSIDE ,HORSESHOE ,09/14/19 ,09/17/19 ,CAL FIRE ,503 ,"B, G ",UNDETERMINED ,,,,
NEU-23002 ,PLACER ,BASELINE ,09/20/19 ,09/21/19 ,CAL FIRE ,640 ,G ,VEHICLE ,,,,
LNU-18056 ,NAPA ,AMERICAN ,10/06/19 ,10/07/19 ,CAL FIRE ,526 ,"B, G ",UNDETERMINED ,1 ,,,
MMU-21257 ,MERCED ,BRICEBURG ,10/06/19 ,10/20/19 ,CAL FIRE ,"5,563 ","B, G ",VEHICLE ,1 ,,,
RRU-130198 ,RIVERSIDE ,RECHE ,10/10/19 ,10/12/19 ,CAL FIRE ,350 ,"B, G ",UNDETERMINED ,1 ,1 ,,
SBC-25032 ,SANTA BARBARA ,REAL ,10/17/19 ,10/21/19 ,CC ,420 ,"B, G ",HUMAN ,,,,
LNU-19376 ,SONOMA ,KINCADE ,10/23/19 ,11/10/19 ,CAL FIRE ,"77,758 ","B, G, T ",ELECTRICAL POWER ,374 ,60 ,,
TGU-11434 ,TEHAMA ,RAWSON ,10/26/19 ,10/27/19 ,CAL FIRE ,605 ,G ,VEHICLE ,1 ,3 ,,
MEU-13345 ,MENDOCINO ,BURRIS ,10/27/19 ,11/02/19 ,CAL FIRE ,703 ,"B, G ",UNDER INVESTIGATION ,,,,
VNC-41710 ,VENTURA ,EASY ,10/30/19 ,11/08/19 ,CC ,"2,375 ","B, T ",ELECTRICAL POWER ,1 ,1 ,,
RRU-139654 ,RIVERSIDE ,HILL ,10/31/19 ,11/03/19 ,CAL FIRE ,628 ,"B, G ",UNDER INVESTIGATION ,,,,
RRU-139997 ,RIVERSIDE ,46TH ,10/31/19 ,10/31/19 ,CAL FIRE ,328 ,"B, G ",VEHICLE ,7 ,7 ,,
VNC-42100 ,VENTURA ,MARIA ,10/31/19 ,11/06/19 ,CC ,"9,999 ","B, G ",ELECTRICAL POWER ,4 ,,,
TGU-11766 ,TEHAMA ,RANCH ,11/03/19 ,11/06/19 ,CAL FIRE ,"2,534 ","B, T ",CAMPFIRE ,1 ,,,
NEU-28628 ,PLACER ,FOOTHILLS ,11/25/19 ,11/25/19 ,CAL FIRE ,308 ,"B, G ",VEHICLE ,,,,
KRN-18282 ,KERN ,REFUGE ,05/07/19 ,05/08/19 ,LOCAL ,"2,500 ",G ,UNDETERMINED ,,,,
STF-1355 ,ALPINE ,ROSASCO ,05/23/19 ,09/11/19 ,USFS ,731 ,T ,HUMAN ,,,,
STC-13326 ,SUTTER ,WEST BUTTE ,06/08/19 ,06/09/19 ,LOCAL ,"1,300 ",G ,UNDETERMINED ,7 ,,,
INF-903 ,TULARE ,JORDAN ,06/09/19 ,07/01/19 ,USFS ,591 ,B ,UNDETERMINED ,,,,
MNF-241 ,SISKIYOU ,EAST ,06/17/19 ,07/18/19 ,USFS ,410 ,"B, T ",LIGHTNING ,,,,
INF-1435 ,TULARE ,COW ,07/25/19 ,10/11/19 ,USFS ,"2,025 ",T ,LIGHTNING ,,,,
INF-1465 ,INYO ,SPRINGS ,07/26/19 ,10/01/19 ,USFS ,"4,840 ","B, T ",LIGHTNING ,,,,
MDF-509 ,MODOC ,TUCKER ,07/28/19 ,08/04/19 ,USFS ,"14,150 ","B, G, T ",UNDETERMINED ,,,,
LPF-1678 ,MONTEREY ,MILL ,07/30/19 ,08/08/19 ,USFS ,310 ,"B, G, T ",UNDETERMINED ,,,,
SND-19114701 ,SAN DIEGO ,CALIENTE ,08/01/19 ,08/03/19 ,LOCAL ,448 ,G ,UNDETERMINED ,,,,
NOD-4382 ,LASSEN ,W-1 MCDONALD ,08/08/19 ,08/11/19 ,BLM ,"1,020 ","B, G ",LIGHTNING ,,,,
SQF-1708 ,TULARE ,BRODER ,08/08/19 ,09/20/19 ,USFS ,381 ,"B, T ",LIGHTNING ,,,,
CDD-12920 ,SAN BERNARDINO ,BARSTOW ,08/11/19 ,08/12/19 ,LOCAL ,685 ,G ,UNDETERMINED ,,,,
CCD-30580 ,LASSEN ,LONG VALLEY ,08/24/19 ,08/27/19 ,BLM ,"2,438 ","B, G ",UNDETERMINED ,1 ,4 ,,
NOD-4869 ,LASSEN ,R-1 RANCH ,08/28/19 ,09/04/19 ,BLM ,"3,380 ","B, G, T ",LIGHTNING ,,,,
SHF-1209 ,TEHAMA ,SOUTH ,09/05/19 ,11/27/19 ,USFS ,"5,332 ","B, T ",LIGHTNING ,2 ,,,
PNF-1324 ,LASSEN ,WALKER ,09/04/19 ,09/25/19 ,USFS ,"54,608 ","B, T ",UNDETERMINED ,9 ,,,
INF-2018 ,INYO ,TABOOSE ,09/04/19 ,11/21/19 ,USFS ,"10,400 ","B, G, T ",LIGHTNING ,,,,
MDF-836 ,MODOC ,LONE ,09/05/19 ,09/17/19 ,USFS ,"5,737 ","B, G, T ",LIGHTNING ,,,,
KNF-7074 ,SISKIYOU ,LIME ,09/05/19 ,09/25/19 ,USFS ,"1,872 ","B, T ",LIGHTNING ,,,,
SHF-1196 ,SISKIYOU ,MIDDLE ,09/05/19 ,10/11/19 ,USFS ,"1,339 ","B, T ",LIGHTNING ,,,,
CMS-1901132 ,RIVERSIDE ,SANDALWOOD ,10/10/19 ,10/15/19 ,LOCAL ,"1,011 ","B, T ",UNDETERMINED ,73 ,16 ,2 ,
LFD-1582 ,LOS ANGELES ,SADDLE RIDGE ,10/10/19 ,10/26/19 ,LOCAL ,"8,799 ","B, G, T ",UNDETERMINED ,24 ,91 ,1 ,
ENF-30945 ,EL DORADO ,CAPLES ,10/10/19 ,10/31/19 ,USFS ,"3,435 ","B, T ",PRESCRIBED FIRE ,,,,
LAC-326166 ,LOS ANGELES ,TICK ,10/24/19 ,10/31/19 ,LOCAL ,"3,950 ","B, G ",UNDETERMINED ,29 ,46 ,,
LFD-1583 ,LOS ANGELES ,GETTY ,10/28/19 ,11/14/19 ,LOCAL ,745 ,"B, G ",ELECTRICAL POWER ,13 ,19 ,,
LPF-2908 ,SANTA BARBARA ,CAVE ,11/25/19 ,12/13/19 ,USFS ,"3,126 ","B, G ",UNDETERMINED ,1 ,,,
NEU-11799 ,PLACER ,AMORUSO ,06/01/20 ,06/01/20 ,CAL FIRE ,670 ,G ,EQUIPMENT USE ,,,,
LNU-8419 ,SOLANO ,QUAIL ,06/06/20 ,06/13/20 ,CAL FIRE ,"1,837 ",T ,FIREARMS ,5 ,12 ,,
SLU-7149 ,SAN LUIS OBISPO ,SODA ,06/10/20 ,06/10/20 ,CAL FIRE ,"1,680 ",G ,VEHICLE ,,,,
VNC-45530 ,VENTURA ,ELIZABETH ,06/10/20 ,06/12/20 ,CC ,300 ,B ,UNDETERMINED ,,,,
VNC-45754 ,VENTURA ,LIME ,06/10/20 ,06/16/20 ,CC ,803 ,"B, G ",UNDETERMINED ,,,,
AEU-16543 ,SACRAMENTO ,GRANT ,06/12/20 ,06/19/20 ,CAL FIRE ,"5,042 ",G ,EQUIPMENT USE ,1 ,,,
SBC-12322 ,SANTA BARBARA ,DRUM ,06/14/20 ,06/17/20 ,CC ,696 ,"B, G ",ELECTRICAL POWER ,,,,
FKU-8094 ,FRESNO ,EAGLE ,06/13/20 ,06/15/20 ,CAL FIRE ,300 ,G ,UNDETERMINED ,,,,
SLU-7409 ,SAN LUIS OBISPO ,AVILA ,06/15/20 ,06/20/20 ,CAL FIRE ,445 ,"B, G ",UNDER INVESTIGATION ,1 ,,,
BEU-2847 ,SAN BENITO ,BITTER ,06/16/20 ,06/20/20 ,CAL FIRE ,813 ,"B, G ",VEHICLE ,,,,
TCU-6494 ,AMADOR ,WALKER ,06/16/20 ,06/21/20 ,CAL FIRE ,"1,455 ","B, G ",EQUIPMENT USE ,2 ,2 ,,
BEU-2986 ,MONTEREY ,RICO ,06/22/20 ,06/23/20 ,CAL FIRE ,348 ,G ,ELECTRICAL POWER ,,,,
TUU-298 ,TULARE ,GRADE ,06/22/20 ,06/25/20 ,CAL FIRE ,"1,050 ",G ,UNDER INVESTIGATION ,,,,
MMU-13431 ,MERCED ,PASS ,06/28/20 ,06/30/20 ,CAL FIRE ,"2,192 ","B, G ",ELECTRICAL POWER ,,,,
KRN-27271 ,KERN ,BENA ,07/01/20 ,07/05/20 ,CC ,"4,000 ","B, G ",EQUIPMENT USE ,,,,
MMU-13801 ,FRESNO ,BONADELLE ,07/02/20 ,07/03/20 ,CAL FIRE ,500 ,G ,EQUIPMENT USE ,,,,
SCU-4669 ,SANTA CLARA ,PARK ,07/04/20 ,07/08/20 ,CAL FIRE ,353 ,"B, G ",PLAYING WITH FIRE ,,,,
SLU-8435 ,SAN LUIS OBISPO ,LAKE ,07/04/20 ,07/05/20 ,CAL FIRE ,583 ,G ,VEHICLE ,1 ,,,
LAC-197926 ,LOS ANGELES ,SOLEDAD ,07/05/20 ,07/06/20 ,CC ,"1,525 ","B, G ",MISCELLANEOUS ,,,,
SCU-4686 ,SANTA CLARA ,CREWS ,07/05/20 ,07/20/20 ,CAL FIRE ,"5,513 ","B, G ",ELECTRICAL POWER ,4 ,,,
FKU-10219 ,FRESNO ,MINERAL ,07/13/20 ,07/26/20 ,CAL FIRE ,"29,667 ","B, G ",STRUCTURE ,7 ,,,
BEU-3441 ,SAN BENITO ,COYOTE ,07/15/20 ,07/18/20 ,CAL FIRE ,"1,485 ","B, G ",UNDER INVESTIGATION ,1 ,,,
LMU-3874 ,LASSEN ,HOG ,07/18/20 ,08/28/20 ,CAL FIRE ,"9,564 ",T ,UNDER INVESTIGATION ,2 ,,,
SKU-5356 ,SISKIYOU ,BADGER ,07/18/20 ,07/28/20 ,CAL FIRE ,557 ,"B, G, T ",VEHICLE ,,,,
SHU-7049 ,SHASTA ,PLATINA ,07/19/20 ,07/27/20 ,CAL FIRE ,333 ,"B, G ",DEBRIS BURNING ,,,,
LMU-3917 ,LASSEN ,GOLD ,07/20/20 ,09/29/20 ,CAL FIRE ,"22,614 ","B, T ",UNDETERMINED ,13 ,5 ,,
FKU-10922 ,FRESNO ,WILD ,07/25/20 ,07/25/20 ,CAL FIRE ,"1,040 ",G ,ARSON ,,,,
LAC-222638 ,LOS ANGELES ,RIDGE ,07/27/20 ,07/27/20 ,CC ,321 ,"B, G, T ",UNDETERMINED ,,,,
MMU-16043 ,MERCED ,COTTONWOOD ,07/27/20 ,07/29/20 ,CAL FIRE ,788 ,G ,VEHICLE ,,,,
SLU-9669 ,SAN LUIS OBISPO ,BRANCH ,07/28/20 ,08/03/20 ,CAL FIRE ,"3,222 ",G ,VEHICLE ,8 ,,,
AEU-22430 ,SACRAMENTO ,CLAY ,07/29/20 ,07/29/20 ,CAL FIRE ,741 ,G ,SMOKING ,,,,
FKU-11181 ,FRESNO ,LINCOLN ,07/29/20 ,07/29/20 ,CAL FIRE ,640 ,G ,ARSON ,,,,
RRU-96640* ,RIVERSIDE ,APPLE ,07/31/20 ,11/18/20 ,CAL FIRE ,"33,424 ","B, G ",VEHICLE ,13 ,6 ,,
SLU-9866 ,SAN LUIS OBISPO ,POND ,08/01/20 ,08/09/20 ,CAL FIRE ,"2,005 ","B, G ",STRUCTURE ,4 ,1 ,,
LNU-12277 ,COLUSA ,SITES ,08/02/20 ,08/06/20 ,CAL FIRE ,560 ,"B, T ",UNDER INVESTIGATION ,1 ,1 ,,
SLU-10018 ,SAN LUIS OBISPO ,PASS ,08/04/20 ,08/05/20 ,CAL FIRE ,322 ,G ,VEHICLE ,,,,
AEU-24350 ,SACRAMENTO ,MEISS ,08/13/20 ,08/15/20 ,CAL FIRE ,512 ,G ,FIREARMS ,,,,
FKU-12279 ,FRESNO ,HILLS ,08/15/20 ,09/27/20 ,CAL FIRE ,"2,121 ","B, G ",LIGHTNING ,1 ,,,
SLU-10533 ,SAN LUIS OBISPO ,WHALE ,08/15/20 ,08/18/20 ,CAL FIRE ,320 ,G ,LIGHTNING ,,,,
BEU-4024 ,MONTEREY ,RIVER ,08/16/20 ,09/04/20 ,CAL FIRE ,"48,088 ","B, G ",LIGHTNING ,30 ,13 ,,
CZU-5205* ,SAN MATEO ,CZU AUGUST LIGHTNING COMPLEX ,08/16/20 ,09/22/20 ,CAL FIRE ,"86,509 ","B, T ",LIGHTNING ,"1,490 ",140 ,1 ,
CZU-5205* ,SANTA CRUZ ,CZU AUGUST LIGHTNING COMPLEX ,08/16/20 ,09/22/20 ,CAL FIRE ,"86,509 ","B, T ",LIGHTNING ,"1,490 ",140 ,1 ,
SCU-5740* ,CONTRA COSTA ,SCU LIGHTNING COMPLEX ,08/16/20 ,09/15/20 ,CAL FIRE ,"396,625 ","B, G ",LIGHTNING ,225 ,26 ,,
SCU-5740* ,SANTA CLARA ,SCU LIGHTNING COMPLEX ,08/16/20 ,09/15/20 ,CAL FIRE ,"396,625 ","B, G ",LIGHTNING ,225 ,26 ,,
SCU-5740* ,ALAMEDA ,SCU LIGHTNING COMPLEX ,08/16/20 ,09/15/20 ,CAL FIRE ,"396,625 ","B, G ",LIGHTNING ,225 ,26 ,,
SCU-5740* ,SAN JOAQUIN ,SCU LIGHTNING COMPLEX ,08/16/20 ,09/15/20 ,CAL FIRE ,"396,625 ","B, G ",LIGHTNING ,225 ,26 ,,
SCU-5740* ,STANISLAUS ,SCU LIGHTNING COMPLEX ,08/16/20 ,09/15/20 ,CAL FIRE ,"396,625 ","B, G ",LIGHTNING ,225 ,26 ,,
BTU-9979* ,BUTTE ,BUTTE TEHAMA GLENN COMPLEX ,08/17/20 ,09/16/20 ,CAL FIRE ,"19,609 ",T ,LIGHTNING ,,,,
BTU-9979* ,TEHAMA ,BUTTE TEHAMA GLENN COMPLEX ,08/17/20 ,09/16/20 ,CAL FIRE ,"19,609 ",T ,LIGHTNING ,,,,
BTU-9979* ,TEHAMA ,BUTTE TEHAMA GLENN COMPLEX ,08/17/20 ,09/16/20 ,CAL FIRE ,"19,609 ",T ,LIGHTNING ,,,,
LNU-13407* ,NAPA ,LNU LIGHTNING COMPLEX ,08/17/20 ,09/22/20 ,CAL FIRE ,"363,220 ","B, G, T ",LIGHTNING ,"1,491 ",232 ,5 ,
LNU-13407* ,NAPA ,LNU LIGHTNING COMPLEX ,08/17/20 ,09/22/20 ,CAL FIRE ,"363,220 ","B, G, T ",LIGHTNING ,"1,491 ",232 ,5 ,
LNU-13407* ,SONOMA ,LNU LIGHTNING COMPLEX ,08/17/20 ,09/22/20 ,CAL FIRE ,"363,220 ","B, G, T ",LIGHTNING ,"1,491 ",232 ,5 ,
LNU-13407* ,SOLANO ,LNU LIGHTNING COMPLEX ,08/17/20 ,09/22/20 ,CAL FIRE ,"363,220 ","B, G, T ",LIGHTNING ,"1,491 ",232 ,5 ,
MEU-10843* ,SISKIYOU ,AUGUST COMPLEX WEST ZONE ,08/17/20 ,10/15/20 ,CAL FIRE ,"143,181 ","B, G, T ",LIGHTNING ,55 ,6 ,,
MEU-10843* ,TEHAMA ,AUGUST COMPLEX WEST ZONE ,08/17/20 ,10/15/20 ,CAL FIRE ,"143,181 ","B, G, T ",LIGHTNING ,55 ,6 ,,
MEU-10843* ,TEHAMA ,AUGUST COMPLEX WEST ZONE ,08/17/20 ,10/15/20 ,CAL FIRE ,"143,181 ","B, G, T ",LIGHTNING ,55 ,6 ,,
MEU-10843* ,MENDOCINO ,AUGUST COMPLEX WEST ZONE ,08/17/20 ,10/15/20 ,CAL FIRE ,"143,181 ","B, G, T ",LIGHTNING ,55 ,6 ,,
NEU-19231 ,PLACER ,JONES ,08/17/20 ,09/06/20 ,CAL FIRE ,705 ,"B, T ",LIGHTNING ,18 ,3 ,,
VNC-30441 LAC-246170 ,VENTURA ,HOLSER ,08/17/20 ,08/22/20 ,CC ,"2,189 ","B, G ",EQUIPMENT USE ,,,,
VNC-30441 LAC-246170 ,LOS ANGELES ,HOLSER ,08/17/20 ,08/22/20 ,CC ,"2,189 ","B, G ",EQUIPMENT USE ,,,,
BEU-4081 ,MONTEREY ,CARMEL ,08/18/20 ,09/06/20 ,CAL FIRE ,"6,901 ","B, G ",VEHICLE ,73 ,7 ,,
MEU-9786 ,MENDOCINO ,CREEK ,08/18/20 ,08/26/20 ,CAL FIRE ,820 ,"B, G ",VEHICLE ,3 ,,,
TCU-9353 ,AMADOR ,SALT ,08/18/20 ,08/24/20 ,CAL FIRE ,"1,783 ","B, G ",EQUIPMENT USE ,,,,
TCU-9457 ,ALPINE ,MOC ,08/20/20 ,08/31/20 ,CAL FIRE ,"2,857 ","B, G ",EQUIPMENT USE ,2 ,1 ,,
MMU-19014 ,FRESNO ,HENSLEY #2 ,08/30/20 ,08/30/20 ,CAL FIRE ,400 ,G ,ARSON ,,,,
BDU-12925 ,SAN BERNARDINO ,EL DORADO ,09/05/20 ,11/16/20 ,CAL FIRE ,"22,744 ","B, G, T ",PYROTECHNICS ,14 ,2 ,1 ,
MEU-10700 ,MENDOCINO ,OAK ,09/07/20 ,09/25/20 ,CAL FIRE ,"1,100 ","G, T ",STRUCTURE ,56 ,1 ,,
NEU-21423 ,YUBA ,WILLOW ,09/09/20 ,09/09/20 ,CAL FIRE ,"1,311 ","B, G, T ",ARSON ,11 ,5 ,,
RRU-119353 ,RIVERSIDE ,SNOW ,09/17/20 ,09/24/20 ,CAL FIRE ,"6,254 ","B, G, T ",VEHICLE ,,,,
LNU-15947* ,NAPA ,GLASS ,09/27/20 ,10/20/20 ,CAL FIRE ,"67,484 ","B, G, T ",UNDETERMINED ,"1,528 ",282 ,,
LNU-15947* ,SONOMA ,GLASS ,09/27/20 ,10/20/20 ,CAL FIRE ,"67,484 ","B, G, T ",UNDETERMINED ,"1,528 ",282 ,,
SHU-9978* ,SHASTA ,ZOGG ,09/27/20 ,10/14/20 ,CAL FIRE ,"56,338 ","B, G ",ELECTRICAL POWER ,204 ,27 ,4 ,
RRU-124873 ,RIVERSIDE ,CANDY ,09/29/20 ,09/30/20 ,CAL FIRE ,454 ,G ,ARSON ,,,,
ORC-121364 ,ORANGE ,SILVERADO ,10/26/20 ,11/07/20 ,CC ,"12,466 ","B, G ",UNDER INVESTIGATION ,5 ,11 ,,
ORC-121612 ,ORANGE ,BLUE RIDGE ,10/26/20 ,11/07/20 ,CC ,"13,694 ","B, G ",UNDETERMINED ,1 ,12 ,,
ORC-136890 ,ORANGE ,BOND ,12/02/20 ,12/11/20 ,CC ,"6,686 ","B, G ",STRUCTURE ,31 ,21 ,,
RRU-160421 ,RIVERSIDE ,SANDERSON ,12/13/20 ,12/13/20 ,CAL FIRE ,"1,954 ",G ,CAMPFIRE ,,,,
KCF ,KINGS ,INTERSTATE 5 ,05/03/20 ,05/03/20 ,LOCAL ,"2,060 ",G ,UNDETERMINED ,,,,
BOB-6492 ,SAN LUIS OBISPO ,RANGE ,05/27/20 ,05/28/20 ,MIL ,"5,000 ",G ,UNDETERMINED ,,,,
CNP-1216 ,SANTA BARBARA ,SCORPION ,05/31/20 ,06/05/20 ,NPS ,"1,395 ","B, G ",UNDETERMINED ,,,,
MCP-1474 ,SAN DIEGO ,INDIA ,06/09/20 ,06/16/20 ,MIL ,"1,100 ","B, G ",UNDETERMINED ,,,,
SNF-593 ,FRESNO ,HOG ,06/14/20 ,06/15/20 ,USFS ,533 ,"B, G ",UNDETERMINED ,,,,
MNP-9202 ,SAN BERNARDINO ,IVANPAH ,06/22/20 ,06/26/20 ,NPS ,"1,088 ","B, G ",UNDETERMINED ,,,,
NOD-3218 ,LASSEN ,R-2 ,06/23/20 ,06/25/20 ,BLM ,563 ,"B, G ",UNDETERMINED ,,,,
ANF-2440 ,LOS ANGELES ,ROWHER ,07/01/20 ,07/09/20 ,USFS ,616 ,"B, G ",PLAYING WITH FIRE ,,,,
BEA ,YUBA ,VALLEY ,07/15/20 ,07/15/20 ,MIL ,500 ,G ,UNDETERMINED ,,,,
MDF-487 ,SISKIYOU ,JULY COMPLEX ,07/22/20 ,08/22/20 ,USFS ,"83,261 ","B, G, T ",LIGHTNING ,15 ,,,
MDF-487 ,MODOC ,JULY COMPLEX ,07/22/20 ,08/22/20 ,USFS ,"83,261 ","B, G, T ",LIGHTNING ,15 ,,,
YNP-54 ,MERCED ,BLUEJAY ,07/24/20 ,11/19/20 ,NPS ,"6,922 ",T ,LIGHTNING ,,,,
PNF-976 ,LASSEN ,ADAMS ,07/26/20 ,07/31/20 ,USFS ,918 ,"B, G, T ",LIGHTNING ,,,,
SRF-656 ,HUMBOLDT ,RED SALMON COMPLEX ,07/28/20 ,11/16/20 ,USFS ,"144,698 ","B, G, T ",LIGHTNING ,,,,
LNF-4290 ,TEHAMA ,STUMP ,08/01/20 ,08/13/20 ,USFS ,684 ,T ,LIGHTNING ,,,,
BEA ,YUBA ,BEALE ,08/02/20 ,08/03/20 ,MIL ,600 ,G ,UNDETERMINED ,,,,
CCD-30547 ,LASSEN ,NORTH ,08/02/20 ,08/08/20 ,BLM ,"6,882 ","B, G ",UNDETERMINED ,1 ,,,
CND-2309 ,KERN ,STAGECOACH ,08/03/20 ,08/14/20 ,BLM ,"7,760 ","B, T ",EQUIPMENT USE ,31 ,4 ,1 ,
SNF-1160 ,FRESNO ,TRIMMER ,08/03/20 ,09/01/20 ,USFS ,594 ,"B, T ",UNDETERMINED ,,,,
YNP-75 ,ALPINE ,WOLF ,08/11/20 ,11/19/20 ,NPS ,"2,057 ",T ,LIGHTNING ,,,,
ANF-3273 ,LOS ANGELES ,LAKE ,08/12/20 ,09/30/20 ,USFS ,"31,089 ","B, G, T ",UNDETERMINED ,34 ,6 ,,
ANF-3289 ,LOS ANGELES ,RANCH 2 ,08/13/20 ,09/03/20 ,USFS ,"4,237 ","B, G ",ARSON ,,,,
TNF-1600 ,PLACER ,LOYALTON ,08/14/20 ,08/30/20 ,USFS ,"47,029 ","G, T ",LIGHTNING ,35 ,,,
MNP-12356 ,SAN BERNARDINO ,DOME ,08/15/20 ,08/22/20 ,NPS ,"43,273 ","B, G ",LIGHTNING ,6 ,,,
INF-2140 ,INYO ,BEACH ,08/16/20 ,08/28/20 ,USFS ,"3,780 ","B, T ",LIGHTNING ,,,,
KNP-80 ,TULARE ,RATTLESNAKE ,08/16/20 ,12/31/20 ,NPS ,"8,419 ","B, T ",LIGHTNING ,,,,
MNF-753 ,SISKIYOU ,AUGUST COMPLEX ,08/17/20 ,11/15/20 ,USFS ,"889,467 ","B, T ",LIGHTNING ,34 ,4 ,1 ,
MNF-753 ,TEHAMA ,AUGUST COMPLEX ,08/17/20 ,11/15/20 ,USFS ,"889,467 ","B, T ",LIGHTNING ,34 ,4 ,1 ,
MNF-753 ,TEHAMA ,AUGUST COMPLEX ,08/17/20 ,11/15/20 ,USFS ,"889,467 ","B, T ",LIGHTNING ,34 ,4 ,1 ,
MNF-753 ,NAPA ,AUGUST COMPLEX ,08/17/20 ,11/15/20 ,USFS ,"889,467 ","B, T ",LIGHTNING ,34 ,4 ,1 ,
MNF-753 ,MENDOCINO ,AUGUST COMPLEX ,08/17/20 ,11/15/20 ,USFS ,"889,467 ","B, T ",LIGHTNING ,34 ,4 ,1 ,
NOD-4682 ,LASSEN ,R-5 ,08/17/20 ,08/19/20 ,BLM ,471 ,"B, G ",UNDETERMINED ,,,,
PNF-1299 ,LASSEN ,SHEEP ,08/17/20 ,09/09/20 ,USFS ,"29,570 ","B, G, T ",LIGHTNING ,26 ,2 ,,
PNF-1308* ,LASSEN ,NORTH COMPLEX ,08/17/20 ,11/30/20 ,USFS ,"318,935 ","B, G, T ",LIGHTNING ,"2,352 ",119 ,16 ,
PNF-1308* ,BUTTE ,NORTH COMPLEX ,08/17/20 ,11/30/20 ,USFS ,"318,935 ","B, G, T ",LIGHTNING ,"2,352 ",119 ,16 ,
LPF-2428 ,MONTEREY ,DOLAN ,08/18/20 ,12/31/20 ,USFS ,"124,924 ","B, G, T ",UNDETERMINED ,19 ,4 ,,
NOD-4727 ,LASSEN ,W-5 COLD SPRINGS ,08/18/20 ,09/13/20 ,BLM ,"84,817 ","B, T ",LIGHTNING ,1 ,,,
RNP-12009 ,MARIN ,WOODWARD ,08/18/20 ,10/01/20 ,NPS ,"4,929 ","B, G, T ",LIGHTNING ,,,,
SQF-2622 ,TULARE ,SQF COMPLEX ,08/19/20 ,01/07/21 ,USFS ,"175,019 ","G, T ",LIGHTNING ,232 ,12 ,,
KNP-91 ,TULARE ,MORAINE ,08/21/20 ,12/31/20 ,NPS ,"1,316 ","B, T ",LIGHTNING ,,,,
HTF-30684 ,INYO ,SLINK ,08/29/20 ,10/15/20 ,USFS ,"26,759 ","B, G, T ",LIGHTNING ,2 ,,,
SHF-1376 ,SISKIYOU ,HOBO ,09/01/20 ,09/10/20 ,USFS ,413 ,"B, G, T ",UNDETERMINED ,,,,
SNF-1392* ,FRESNO ,CREEK ,09/04/20 ,12/31/20 ,USFS ,"379,895 ",T ,UNDETERMINED ,858 ,71 ,,
SNF-1392* ,MERCED ,CREEK ,09/04/20 ,12/31/20 ,USFS ,"379,895 ",T ,UNDETERMINED ,858 ,71 ,,
CNF-2833 ,SAN DIEGO ,VALLEY ,09/05/20 ,09/24/20 ,USFS ,"16,390 ","B, G ",UNDETERMINED ,64 ,11 ,,
ANF-3687 ,LOS ANGELES ,BOBCAT ,09/06/20 ,11/30/20 ,USFS ,"115,997 ","B, T ",UNDETERMINED ,169 ,47 ,,
ENF-27219 ,EL DORADO ,FORK ,09/08/20 ,11/08/20 ,USFS ,"1,673 ",T ,UNDETERMINED ,,,,
KNF-7035 ,SISKIYOU ,SLATER ,09/08/20 ,11/15/20 ,USFS ,"157,270 ","B, T ",UNDETERMINED ,353 ,24 ,2 ,
SNF-1402 ,FRESNO ,BULLFROG ,09/08/20 ,11/15/20 ,USFS ,"1,185 ","B, G, T ",UNDETERMINED ,,,,
KNF-7084 ,SISKIYOU ,DEVIL ,09/09/20 ,11/15/20 ,USFS ,"8,857 ",T ,UNDETERMINED ,,,,
KNF-7241 ,SISKIYOU ,FOX ,09/14/20 ,09/30/20 ,USFS ,"2,188 ","B, T ",HUMAN ,,,,
LPF3161 ,MONTEREY ,COLEMAN ,10/18/20 ,11/15/20 ,USFS ,574 ,"B, G ",UNDETERMINED ,,,,
NOD-6431 ,LASSEN ,LAURA 2 ,11/17/20 ,11/23/20 ,BLM ,"2,800 ","B, G ",UNDETERMINED ,42 ,7 ,,
OVD-30860 ,INYO ,MOUNTAIN VIEW ,11/17/20 ,11/30/20 ,BLM ,"20,385 ","B, G ",UNDETERMINED ,97 ,1 ,,
COR-12597 ,RIVERSIDE ,AIRPORT ,12/01/20 ,12/17/20 ,LOCAL ,"1,087 ","B, G ",UNDETERMINED ,,,,
MVU-20846 ,SAN DIEGO ,CREEK 5 ,12/23/20 ,12/28/20 ,MIL ,"4,276 ","B, G ",UNDETERMINED ,,,,
